﻿<?xml version="1.0" encoding="utf-8" ?>
<resources>
    <!-- App theme applied for API level 21 and above -->
    <style name="AppTheme" parent="AppTheme.Base">
        <item name="android:windowTranslucentStatus">true</item>
        <item name="android:windowAllowEnterTransitionOverlap">true</item>
        <item name="android:windowAllowReturnTransitionOverlap">true</item>
        <item name="android:windowSharedElementEnterTransition">@android:transition/move</item>
        <item name="android:windowSharedElementExitTransition">@android:transition/move</item>
    </style>

    <!-- App splash theme applied for API level 21 and above -->
    <style name="AppTheme.Splash" parent="AppTheme.Splash.Base">
        <item name="android:windowTranslucentStatus">true</item>
        <item name="android:windowTranslucentNavigation">true</item>
        <item name="android:windowDrawsSystemBarBackgrounds">true</item>
        <item name="android:statusBarColor">@android:color/transparent</item>
    </style>
</resources>
